myDescription,careAboutMonthDemand_Beta_01,t_month_Disaster,numMonthsToAvg,setScenarioProbabilitiesTo1OverN_Flag,minDisasterYear,maxDisasterYear,minYearSubset,maxYearSubset,truckDistanceMethod,expandWhichWarehousesCarryItem_01,maxDrivingTimeCutAbove_Hrs,minTimeRequiredToRespond,numDisasters,n_itemIter,initialInventorySum,objCostType,initialSuppliesVarFlag,myFracServed,myFractionOfDisastersUsingDummy,myItemDemandMetWeighted,myWeightedDemand,myPeopleServedPerItemShipped,myPeopleServedPerItemAll,bigMCostDummy,objVal,objValPerUnitShipped,dualTotInv,dualTotInvAdj,compareObjVal_Cost,compareObjVal_Time,compareObjVal_pureKM
testRun,1,-1,3,1,1900,2017,1900,2017,google,0,100,1000000.0,138,KitchenSetGen,37881,Cost,Optimal,0.6460704726296046,0.14492753623188406,2209.4898550724597,3419.8898550724575,4.999999999773707,4.999999999853799,50,48667.05377979326,22.026375756314394,-1.0477270646485228,6.19864974694568,48667.05377979331,37060.71597718581,2074584.9349486018
testRun,1,-1,3,1,1900,2017,1900,2017,google,0,100,1000000.0,138,KitchenSetGen,37881,Cost,Actual,0.6770897782763071,0.15942028985507245,2315.572463768113,3419.88985507246,4.999999999784072,4.999999999853795,50,70957.01124915507,30.643399140540367,,,70957.01124915505,52939.11496862573,4320057.359130368
testRun,1,-1,3,1,1900,2017,1900,2017,google,0,100,1000000.0,138,KitchenSetGen,37881,Time,Optimal,0.9228142782530185,0.036231884057971016,3155.9231884057936,3419.88985507246,4.9999999998415685,4.999999999853795,50,75799.27194198451,24.01809784789867,-1.0628440123385157,0.7487501905600351,106372.06693201297,75799.27194198451,7458678.11953794
testRun,1,-1,3,1,1900,2017,1900,2017,google,0,100,1000000.0,138,KitchenSetGen,37881,Time,Actual,0.8273615897210489,0.057971014492753624,2829.4855072463747,3419.8898550724607,4.999999999823287,4.999999999853794,50,72844.41046050725,25.744754751836204,,,108138.66866729403,72844.41046050731,8554539.002085412
