ItemName,WeightMetricTon,CubicMeters
BlanketGen,0.00123357,0.01045
Cots,0.0027,0.5928
Tarps,0.00123357,0.01045
Water,0.001,0.001
Meals,0.00022,0.000286
